time_utc,mmsi,ship_name,latitude,longitude,speed_knots,course,seconds_since_last_update
2026-07-26 11:41:55.970566645 +0000 UTC,304159000,KRISTELLA,51.904003333333335,4.474500000000001,0.1,255.1,
2026-07-26 11:42:03.40755647 +0000 UTC,244129776,MSTX 15,51.9158,4.492165,23.6,225.5,
2026-07-26 11:42:19.936039359 +0000 UTC,244830800,MSTX 8,51.916735,4.494316666666666,22.7,230.2,
2026-07-26 11:42:24.923474595 +0000 UTC,244870167,MSTX 10,51.915036666666666,4.513488333333333,24.8,322.2,
2026-07-26 11:42:25.296003853 +0000 UTC,244750276,ALBLAS,51.91090666666666,4.486021666666667,10.5,215.2,
2026-07-26 11:42:32.513426782 +0000 UTC,244129776,MSTX 15,51.913648333333335,4.488416666666667,17.9,224,29.0
2026-07-26 11:42:33.206413904 +0000 UTC,244103100,MSTX 31,51.91479833333334,4.483403333333333,5.4,166.4,
2026-07-26 11:42:43.511876381 +0000 UTC,244750276,ALBLAS,51.91015,4.485166666666667,10.4,211.7,18.0
2026-07-26 11:42:44.538076488 +0000 UTC,244974362,MSTX 33,51.901675,4.469428333333334,6.7,129.5,
2026-07-26 11:42:49.913528041 +0000 UTC,244780700,DWS 12,51.914406666666665,4.488351666666667,0.1,216.8,
2026-07-26 11:42:50.430947186 +0000 UTC,244820053,TENDER 16,51.904185,4.466296666666667,0.1,360,
2026-07-26 11:42:52.003276086 +0000 UTC,244200332,MSTX 35,51.903400000000005,4.483698333333334,5.5,318.6,
2026-07-26 11:43:03.007112468 +0000 UTC,244860670,MSTX 9,51.901223333333334,4.473555,20,56.4,
2026-07-26 11:43:19.892206246 +0000 UTC,244830800,MSTX 8,51.91231333333334,4.486911666666667,20.4,217.8,60.0
2026-07-26 11:43:25.441505833 +0000 UTC,244974362,MSTX 33,51.900795,4.4708483333333335,6.1,133.3,41.0
2026-07-26 11:43:40.526952455 +0000 UTC,244615283,PANNENKOEKENBOOT II,51.90454833333333,4.4659233333333335,0.5,291.8,
2026-07-26 11:43:51.993652322 +0000 UTC,244200332,MSTX 35,51.90445166666667,4.481836666666666,5.9,321.8,59.0
2026-07-26 11:43:56.71934825 +0000 UTC,244740334,NEHALENNIA,51.90547333333333,4.465296666666666,0.1,360,49.0
2026-07-26 11:44:03.505151251 +0000 UTC,244860670,MSTX 9,51.90530666666667,4.481195,24.4,44.8,60.0
2026-07-26 11:44:25.068158872 +0000 UTC,244700431,BOOT 3,51.901084999999995,4.465605,3.3,259.2,
2026-07-26 11:44:30.003089559 +0000 UTC,244615283,PANNENKOEKENBOOT II,51.904705,4.46576,0.2,360,50.0
2026-07-26 11:44:33.142723622 +0000 UTC,244129776,MSTX 15,51.91204833333334,4.48356,5.2,347.4,121.0
2026-07-26 11:44:34.193626331 +0000 UTC,244750276,ALBLAS,51.908665,4.48243,0.3,27.4,111.0
2026-07-26 11:44:49.913792034 +0000 UTC,244780700,DWS 12,51.91442833333333,4.488343333333333,0.3,237.5,120.0
2026-07-26 11:45:01.448561504 +0000 UTC,244200332,MSTX 35,51.90528666666667,4.47953,4.9,269.5,70.0
2026-07-26 11:45:12.747916338 +0000 UTC,244860670,MSTX 9,51.908953333333336,4.486368333333333,10.3,32.4,69.0
2026-07-26 11:45:17.700417582 +0000 UTC,244630697,SARINA,51.89783666666666,4.471216666666667,5.4,304.6,
2026-07-26 11:45:18.182588152 +0000 UTC,244650879,ABEL TASMAN,51.909683333333334,4.483286666666667,0.1,360,100.0
2026-07-26 11:45:33.993556283 +0000 UTC,244103100,MSTX 31,51.91072333333333,4.484821666666666,5,173,180.0
2026-07-26 11:45:57.356700829 +0000 UTC,244630697,SARINA,51.898336666666665,4.46988,5.5,298.5,40.0
2026-07-26 11:45:58.977351264 +0000 UTC,244000711,NAUTICA,51.899499999999996,4.464340000000001,8.9,79.6,
2026-07-26 11:46:29.712688297 +0000 UTC,244150561,MSTX 13,51.90958833333333,4.490625,6,261.2,
2026-07-26 11:46:34.140066443 +0000 UTC,244103100,MSTX 31,51.90936833333333,4.483741666666666,5.6,208.3,61.0
2026-07-26 11:46:36.059110525 +0000 UTC,244065061,MSTX 32,51.91004,4.4874,7.3,16.2,
2026-07-26 11:46:36.079675549 +0000 UTC,244001077,ETERNITY,51.899015,4.488513333333333,0.1,360,
2026-07-26 11:46:49.220922309 +0000 UTC,244660775,SCALDIS,51.89693333333333,4.4802816666666665,0.1,308,60.0
2026-07-26 11:46:50.937930946 +0000 UTC,244030575,PRESTO,51.89731166666666,4.48203,0.1,360,183.0
2026-07-26 11:46:52.147602948 +0000 UTC,244200332,MSTX 35,51.904345,4.476173333333334,4.5,240.2,111.0
2026-07-26 11:46:56.713771954 +0000 UTC,244740334,NEHALENNIA,51.905475,4.465310000000001,0.1,360,120.0
2026-07-26 11:46:57.353687424 +0000 UTC,244630697,SARINA,51.89901666666666,4.467695,5.3,293.6,60.0
2026-07-26 11:47:07.766198328 +0000 UTC,244660727,MERCATOR,51.90069833333334,4.492718333333333,0.1,339.8,
2026-07-26 11:47:11.467376737 +0000 UTC,244870167,MSTX 10,51.90855,4.48353,9.5,199.8,287.0
2026-07-26 11:47:25.308939107 +0000 UTC,244820300,MSTX 7,51.906616666666665,4.483251666666666,21.6,35.2,
2026-07-26 11:47:29.519361815 +0000 UTC,244150561,MSTX 13,51.90996833333334,4.48782,8.8,326.5,60.0
2026-07-26 11:47:30.408558568 +0000 UTC,244000711,NAUTICA,51.900470000000006,4.4701683333333335,8.9,69.7,92.0
2026-07-26 11:47:32.610169836 +0000 UTC,244690555,MSTX6,51.903265000000005,4.475821666666667,23.7,236.9,
2026-07-26 11:47:34.007906529 +0000 UTC,244103100,MSTX 31,51.90793166666666,4.482453333333334,5.7,215.1,60.0
2026-07-26 11:47:34.713839324 +0000 UTC,244974362,MSTX 33,51.90257166666667,4.480315,6.3,80.8,249.0
2026-07-26 11:47:35.710276687 +0000 UTC,244065061,MSTX 32,51.91176666666667,4.487128333333334,5.7,306.6,59.0
2026-07-26 11:47:36.080014241 +0000 UTC,244001077,ETERNITY,51.89900166666666,4.48848,0.3,360,60.0
2026-07-26 11:47:48.500260392 +0000 UTC,244650879,ABEL TASMAN,51.90971833333333,4.483276666666667,0.1,360,150.0
2026-07-26 11:47:52.185856904 +0000 UTC,244200332,MSTX 35,51.903621666666666,4.474518333333333,4.7,244.7,60.0
2026-07-26 11:47:53.354392338 +0000 UTC,244129776,MSTX 15,51.910981666666665,4.485555000000001,10.7,80,200.0
2026-07-26 11:47:53.566843448 +0000 UTC,244050309,P99,51.905795,4.4636716666666665,0.1,291,127.0
2026-07-26 11:47:59.386465479 +0000 UTC,244150561,MSTX 13,51.91139833333333,4.48888,17.3,17.9,30.0
2026-07-26 11:48:00.313723589 +0000 UTC,244690555,MSTX6,51.90167666666667,4.471096666666667,26,244.4,28.0
2026-07-26 11:48:19.011662133 +0000 UTC,246536000,P4,51.906214999999996,4.463896666666667,0.1,360,59.0
2026-07-26 11:48:24.106272152 +0000 UTC,244860670,MSTX 9,51.912346666666664,4.483271666666667,4.7,349.9,192.0
2026-07-26 11:48:30.184922332 +0000 UTC,244000711,NAUTICA,51.90149333333333,4.473746666666667,8.7,60,60.0
2026-07-26 11:48:31.128629068 +0000 UTC,244010190,REINOD 1,51.894405,4.476728333333333,0.1,360,
2026-07-26 11:48:34.714368276 +0000 UTC,244974362,MSTX 33,51.90284333333333,4.482971666666667,5.5,84.7,60.0
2026-07-26 11:48:35.644870906 +0000 UTC,244820300,MSTX 7,51.910066666666665,4.487241666666667,11.5,36.3,70.0
2026-07-26 11:48:45.11877006 +0000 UTC,244974362,MSTX 33,51.902860000000004,4.483381666666667,5.5,87.7,11.0
2026-07-26 11:48:45.63093314 +0000 UTC,244065061,MSTX 32,51.911485,4.484826666666667,5,257.6,70.0
2026-07-26 11:48:49.446624423 +0000 UTC,244050396,SCHONEVELD,51.907718333333335,4.478328333333334,0.1,360,183.0
